,MAE,RMSE,MAPE,DA (%)
With Sentiment,57.47413908351552,74.29866148434952,13.827937664684391,71.42857142857143
Without Sentiment,107.13630704619423,124.56441521028916,27.61470903632528,57.14285714285714
