,MAE,RMSE,MAPE
Proposed Advanced Ensemble,57.47413908351552,74.29866148434952,13.827937664684391
ARIMA,68.43550201744752,91.43274351555027,15.155136205301789
Random Forest,130.93136363636364,163.63753210567668,29.789354156822313
Seasonal Naive,132.3181818181818,164.03533433102427,30.97174227910578
SVR,141.74525755897824,167.06268549028238,31.50721809095469
Prophet,164.88914960885504,190.63169408266688,37.667594612789664
