,MAE,RMSE,MAPE
ARIMA,68.43550201744752,91.43274351555027,15.155136205301789
Proposed Advanced Ensemble,70.79406524278494,83.11772676517938,17.554576010097154
Random Forest,130.93136363636364,163.63753210567668,29.789354156822313
Seasonal Naive,132.3181818181818,164.03533433102427,30.97174227910578
SVR,141.74525755897824,167.06268549028238,31.50721809095469
Prophet,164.88914960885504,190.63169408266688,37.667594612789664
