,MAE,RMSE,MAPE
BiLSTMAttention,138.20708667300516,155.00145797527205,99.99745879595281
TimeSeriesTransformer,105.51704306621127,155.41901793210022,108.05371072332663
CNN_LSTM,80.08998846929062,156.4524432180136,108.96792249730163
Simple_LSTM,86.07762714138896,163.23638860337405,113.65599388797105
