,MAE,RMSE,MAPE
Post-COVID Transformer,101.41177946456692,157.0207897280336,110.33895633570714
